[
  {
    "id": 1,
    "title": "горячее"
  },
  {
    "id": 2,
    "title": "суп"
  },
  {
    "id": 3,
    "title": "салат"
  },
  {
    "id": 4,
    "title": "десерт"
  },
  {
    "id": 5,
    "title": "сладкое"
  },
  {
    "id": 6,
    "title": "соус"
  },
  {
    "id": 7,
    "title": "здороваяеда"
  },
  {
    "id": 8,
    "title": "вкусноиполезно"
  },
  {
    "id": 9,
    "title": "готовимвместе"
  },
  {
    "id": 10,
    "title": "низкокаллорийнаяпища"
  }
]
